[
    {
      "id": 1,
      "image": "https://www.tanishq.co.in/dw/image/v2/BKCK_PRD/on/demandware.static/-/Sites-Tanishq-product-catalog/default/dw97a13b75/images/hi-res/513817DDWABA00_1.jpg?sw=640&sh=640",
      "netwt": 7.76,
      "dia_wt": 0.57,
      "cs_wt": 0,
      "from_Date": "19 Jan 2024",
      "to_Date": "19 Feb 2024",
      "grosswt-range": 0.57,
      "purchase_Count": 1,
      "designNo": "A19901",
      "metal": "ALL",
      "product_Type": "ALL",
      "metal_color": "ALL",
      "category": "ALL",
      "sub_Category": "ALL"
    },
    {
      "id": 2,
      "image": "https://www.tanishq.co.in/dw/image/v2/BKCK_PRD/on/demandware.static/-/Sites-Tanishq-product-catalog/default/dw97a13b75/images/hi-res/513817DDWABA00_1.jpg?sw=640&sh=640",
      "netwt": 8.25,
      "dia_wt": 0.63,
      "cs_wt": 0.02,
      "from_Date": "22 Feb 2024",
      "to_Date": "22 Mar 2024",
      "grosswt-range": 0.63,
      "purchase_Count": 2,
      "designNo": "B12345",
      "metal": "GOLD 14K",
      "product_Type": "DIA JEWELLERY",
      "metal_color": "WHITE GOLD",
      "category": "BANGLES",
      "sub_Category": "BRACELET"
    },
    {
      "id": 3,
      "image": "https://www.tanishq.co.in/dw/image/v2/BKCK_PRD/on/demandware.static/-/Sites-Tanishq-product-catalog/default/dw97a13b75/images/hi-res/513817DDWABA00_1.jpg?sw=640&sh=640",
      "netwt": 5.92,
      "dia_wt": 0.48,
      "cs_wt": 0.03,
      "from_Date": "10 Mar 2024",
      "to_Date": "10 Apr 2024",
      "grosswt-range": 0.48,
      "purchase_Count": 3,
      "designNo": "C98765",
      "metal": "GOLD 18K",
      "product_Type": "SEMI PRECIOUS STONE",
      "metal_color": "YELLOW GOLD",
      "category": "BANGLES",
      "sub_Category": "BRACELET"
    },
    {
      "id": 4,
      "image": "https://www.tanishq.co.in/dw/image/v2/BKCK_PRD/on/demandware.static/-/Sites-Tanishq-product-catalog/default/dw97a13b75/images/hi-res/513817DDWABA00_1.jpg?sw=640&sh=640",
      "netwt": 3.75,
      "dia_wt": 0.29,
      "cs_wt": 0.01,
      "from_Date": "5 Apr 2024",
      "to_Date": "5 May 2024",
      "grosswt-range": 0.29,
      "purchase_Count": 1,
      "designNo": "D54321",
      "metal": "ROSE AND YELLOW GOLD",
      "product_Type": "MISCELLENEOUS",
      "metal_color": "ROSE AND WHITE GOLD",
      "category": "Crawlers",
      "sub_Category": "EARING"
    },
    {
      "id": 5,
      "image": "https://www.tanishq.co.in/dw/image/v2/BKCK_PRD/on/demandware.static/-/Sites-Tanishq-product-catalog/default/dw97a13b75/images/hi-res/513817DDWABA00_1.jpg?sw=640&sh=640",
      "netwt": 6.85,
      "dia_wt": 0.52,
      "cs_wt": 0.04,
      "from_Date": "15 May 2024",
      "to_Date": "15 Jun 2024",
      "grosswt-range": 0.52,
      "purchase_Count": 2,
      "designNo": "E24680",
      "metal": "SILVER 92.5",
      "product_Type": "MIX",
      "metal_color": "MIX",
      "category": "CROSS",
      "sub_Category": "PENDANT"
    },
    {
      "id": 6,
      "image": "https://www.tanishq.co.in/dw/image/v2/BKCK_PRD/on/demandware.static/-/Sites-Tanishq-product-catalog/default/dw97a13b75/images/hi-res/513817DDWABA00_1.jpg?sw=640&sh=640",
      "netwt": 9.12,
      "dia_wt": 0.68,
      "cs_wt": 0.06,
      "from_Date": "20 Jun 2024",
      "to_Date": "20 Jul 2024",
      "grosswt-range": 0.68,
      "purchase_Count": 3,
      "designNo": "F13579",
      "metal": "WHITE AND YELLOW GOLD",
      "product_Type": "NECKLACE",
      "metal_color": "WHITE AND YELLOW GOLD",
      "category": "Cuban LinKs",
      "sub_Category": "NONE"
    },
    {
      "id": 7,
      "image": "https://www.tanishq.co.in/dw/image/v2/BKCK_PRD/on/demandware.static/-/Sites-Tanishq-product-catalog/default/dw97a13b75/images/hi-res/513817DDWABA00_1.jpg?sw=640&sh=640",
      "netwt": 4.92,
      "dia_wt": 0.38,
      "cs_wt": 0.02,
      "from_Date": "25 Jul 2024",
      "to_Date": "25 Aug 2024",
      "grosswt-range": 0.38,
      "purchase_Count": 2,
      "designNo": "G24680",
      "metal": "GOLD 14K",
      "product_Type": "DIA JEWELLERY",
      "metal_color": "ROSE GOLD",
      "category": "BRACELET",
      "sub_Category": "BROOCH"
    },
    {
      "id": 8,
      "image": "https://www.tanishq.co.in/dw/image/v2/BKCK_PRD/on/demandware.static/-/Sites-Tanishq-product-catalog/default/dw97a13b75/images/hi-res/513817DDWABA00_1.jpg?sw=640&sh=640",
      "netwt": 6.21,
      "dia_wt": 0.45,
      "cs_wt": 0.03,
      "from_Date": "30 Aug 2024",
      "to_Date": "30 Sep 2024",
      "grosswt-range": 0.45,
      "purchase_Count": 3,
      "designNo": "H13579",
      "metal": "PLATINUM 950",
      "product_Type": "ROSE WHITE AND YELLOW GOLD",
      "metal_color": "BROOCH",
      "category": "COCKTAIL",
      "sub_Category": "COCKTAIL"
    },
    {
      "id": 9,
      "image": "https://www.tanishq.co.in/dw/image/v2/BKCK_PRD/on/demandware.static/-/Sites-Tanishq-product-catalog/default/dw97a13b75/images/hi-res/513817DDWABA00_1.jpg?sw=640&sh=640",
      "netwt": 8.37,
      "dia_wt": 0.61,
      "cs_wt": 0.05,
      "from_Date": "5 Oct 2024",
      "to_Date": "5 Nov 2024",
      "grosswt-range": 0.61,
      "purchase_Count": 1,
      "designNo": "I78901",
      "metal": "ROSE AND WHITE GOLD",
      "product_Type": "WHITE",
      "metal_color": "CUFFLINK",
      "category": "COCKTAIL BANGLE",
      "sub_Category": "COCKTAIL BANGLE"
    },
    {
      "id": 10,
      "image": "https://www.tanishq.co.in/dw/image/v2/BKCK_PRD/on/demandware.static/-/Sites-Tanishq-product-catalog/default/dw97a13b75/images/hi-res/513817DDWABA00_1.jpg?sw=640&sh=640",
      "netwt": 7.44,
      "dia_wt": 0.58,
      "cs_wt": 0.04,
      "from_Date": "10 Nov 2024",
      "to_Date": "10 Dec 2024",
      "grosswt-range": 0.58,
      "purchase_Count": 2,
      "designNo": "J35791",
      "metal": "ROSE AND YELLOW GOLD",
      "product_Type": "WHITE AND YELLOW GOLD",
      "metal_color": "EARING",
      "category": "COCKTAIL EARING",
      "sub_Category": "COCKTAIL EARING"
    },
    {
      "id": 11,
      "image": "https://www.tanishq.co.in/dw/image/v2/BKCK_PRD/on/demandware.static/-/Sites-Tanishq-product-catalog/default/dw97a13b75/images/hi-res/513817DDWABA00_1.jpg?sw=640&sh=640",
      "netwt": 6.98,
      "dia_wt": 0.54,
      "cs_wt": 0.03,
      "from_Date": "15 Dec 2024",
      "to_Date": "15 Jan 2025",
      "grosswt-range": 0.54,
      "purchase_Count": 3,
      "designNo": "K24680",
      "metal": "ROSE WHITE AND YELLOW GOLD",
      "product_Type": "WHITE GOLD",
      "metal_color": "EARINGS",
      "category": "COCKTAIL RING",
      "sub_Category": "COCKTAIL RING"
    },
    {
      "id": 12,
      "image": "https://www.tanishq.co.in/dw/image/v2/BKCK_PRD/on/demandware.static/-/Sites-Tanishq-product-catalog/default/dw97a13b75/images/hi-res/513817DDWABA00_1.jpg?sw=640&sh=640",
      "netwt": 5.76,
      "dia_wt": 0.42,
      "cs_wt": 0.03,
      "from_Date": "20 Jan 2025",
      "to_Date": "20 Feb 2025",
      "grosswt-range": 0.42,
      "purchase_Count": 2,
      "designNo": "L12345",
      "metal": "GOLD 24K",
      "product_Type": "SEMI PRECIOUS STONE",
      "metal_color": "ROSE AND YELLOW GOLD",
      "category": "BANGLES",
      "sub_Category": "BRACELET"
    },
    {
      "id": 13,
      "image": "https://www.tanishq.co.in/dw/image/v2/BKCK_PRD/on/demandware.static/-/Sites-Tanishq-product-catalog/default/dw97a13b75/images/hi-res/513817DDWABA00_1.jpg?sw=640&sh=640",
      "netwt": 7.09,
      "dia_wt": 0.53,
      "cs_wt": 0.05,
      "from_Date": "25 Feb 2025",
      "to_Date": "25 Mar 2025",
      "grosswt-range": 0.53,
      "purchase_Count": 3,
      "designNo": "M98765",
      "metal": "GOLD 9K",
      "product_Type": "",
      "metal_color": "ROSE GOLD",
      "category": "BRACELET",
      "sub_Category": "BROOCH"
    },
    {
      "id": 14,
      "image": "https://www.tanishq.co.in/dw/image/v2/BKCK_PRD/on/demandware.static/-/Sites-Tanishq-product-catalog/default/dw97a13b75/images/hi-res/513817DDWABA00_1.jpg?sw=640&sh=640",
      "netwt": 4.32,
      "dia_wt": 0.33,
      "cs_wt": 0.02,
      "from_Date": "5 Apr 2025",
      "to_Date": "5 May 2025",
      "grosswt-range": 0.33,
      "purchase_Count": 1,
      "designNo": "N54321",
      "metal": "PLATINUM 950",
      "product_Type": "",
      "metal_color": "ROSE WHITE AND YELLOW GOLD",
      "category": "BROOCH",
      "sub_Category": "COCKTAIL"
    },
    {
      "id": 15,
      "image": "https://www.tanishq.co.in/dw/image/v2/BKCK_PRD/on/demandware.static/-/Sites-Tanishq-product-catalog/default/dw97a13b75/images/hi-res/513817DDWABA00_1.jpg?sw=640&sh=640",
      "netwt": 6.75,
      "dia_wt": 0.49,
      "cs_wt": 0.03,
      "from_Date": "10 May 2025",
      "to_Date": "10 Jun 2025",
      "grosswt-range": 0.49,
      "purchase_Count": 2,
      "designNo": "O24680",
      "metal": "ROSE AND WHITE GOLD",
      "product_Type": "",
      "metal_color": "WHITE",
      "category": "CUFFLINK",
      "sub_Category": "COCKTAIL BANGLE"
    },
    {
      "id": 16,
      "image": "https://www.tanishq.co.in/dw/image/v2/BKCK_PRD/on/demandware.static/-/Sites-Tanishq-product-catalog/default/dw97a13b75/images/hi-res/513817DDWABA00_1.jpg?sw=640&sh=640",
      "netwt": 8.19,
      "dia_wt": 0.62,
      "cs_wt": 0.04,
      "from_Date": "15 Jun 2025",
      "to_Date": "15 Jul 2025",
      "grosswt-range": 0.62,
      "purchase_Count": 3,
      "designNo": "P13579",
      "metal": "ROSE AND YELLOW GOLD",
      "product_Type": "",
      "metal_color": "WHITE AND YELLOW GOLD",
      "category": "EARING",
      "sub_Category": "COCKTAIL EARING"
    },
    {
      "id": 17,
      "image": "https://www.tanishq.co.in/dw/image/v2/BKCK_PRD/on/demandware.static/-/Sites-Tanishq-product-catalog/default/dw97a13b75/images/hi-res/513817DDWABA00_1.jpg?sw=640&sh=640",
      "netwt": 7.32,
      "dia_wt": 0.56,
      "cs_wt": 0.04,
      "from_Date": "17 Jul 2025",
      "to_Date": "17 Aug 2025",
      "grosswt-range": 0.56,
      "purchase_Count": 2,
      "designNo": "Q13579",
      "metal": "SILVER 92.5",
      "product_Type": "YELLOW GOLD",
      "metal_color": "MISCELLENEOUS",
      "category": "Crawlers",
      "sub_Category": "EARING"
    },
    {
      "id": 18,
      "image": "https://www.tanishq.co.in/dw/image/v2/BKCK_PRD/on/demandware.static/-/Sites-Tanishq-product-catalog/default/dw97a13b75/images/hi-res/513817DDWABA00_1.jpg?sw=640&sh=640",
      "netwt": 8.45,
      "dia_wt": 0.65,
      "cs_wt": 0.05,
      "from_Date": "22 Aug 2025",
      "to_Date": "22 Sep 2025",
      "grosswt-range": 0.65,
      "purchase_Count": 3,
      "designNo": "R24680",
      "metal": "SILVER 925",
      "product_Type": "MIX",
      "metal_color": "MIX",
      "category": "CROSS",
      "sub_Category": "PENDANT"
    },
    {
      "id": 19,
      "image": "https://www.tanishq.co.in/dw/image/v2/BKCK_PRD/on/demandware.static/-/Sites-Tanishq-product-catalog/default/dw97a13b75/images/hi-res/513817DDWABA00_1.jpg?sw=640&sh=640",
      "netwt": 6.78,
      "dia_wt": 0.52,
      "cs_wt": 0.03,
      "from_Date": "27 Sep 2025",
      "to_Date": "27 Oct 2025",
      "grosswt-range": 0.52,
      "purchase_Count": 1,
      "designNo": "S35791",
      "metal": "WHITE AND YELLOW GOLD",
      "product_Type": "NECKLACE",
      "metal_color": "WHITE AND YELLOW GOLD",
      "category": "Cuban LinKs",
      "sub_Category": "NONE"
    },
    {
      "id": 20,
      "image": "https://www.tanishq.co.in/dw/image/v2/BKCK_PRD/on/demandware.static/-/Sites-Tanishq-product-catalog/default/dw97a13b75/images/hi-res/513817DDWABA00_1.jpg?sw=640&sh=640",
      "netwt": 9.03,
      "dia_wt": 0.69,
      "cs_wt": 0.06,
      "from_Date": "2 Nov 2025",
      "to_Date": "2 Dec 2025",
      "grosswt-range": 0.69,
      "purchase_Count": 2,
      "designNo": "T24680",
      "metal": "ROSE AND YELLOW GOLD",
      "product_Type": "WHITE AND YELLOW GOLD",
      "metal_color": "EARING",
      "category": "COCKTAIL EARING",
      "sub_Category": "COCKTAIL EARING"
    },
    {
      "id": 21,
      "image": "https://www.tanishq.co.in/dw/image/v2/BKCK_PRD/on/demandware.static/-/Sites-Tanishq-product-catalog/default/dw97a13b75/images/hi-res/513817DDWABA00_1.jpg?sw=640&sh=640",
      "netwt": 7.65,
      "dia_wt": 0.59,
      "cs_wt": 0.04,
      "from_Date": "7 Dec 2025",
      "to_Date": "7 Jan 2026",
      "grosswt-range": 0.59,
      "purchase_Count": 3,
      "designNo": "U24680",
      "metal": "ROSE WHITE AND YELLOW GOLD",
      "product_Type": "WHITE GOLD",
      "metal_color": "EARINGS",
      "category": "COCKTAIL RING",
      "sub_Category": "COCKTAIL RING"
    },
    {
      "id": 22,
      "image": "https://www.tanishq.co.in/dw/image/v2/BKCK_PRD/on/demandware.static/-/Sites-Tanishq-product-catalog/default/dw97a13b75/images/hi-res/513817DDWABA00_1.jpg?sw=640&sh=640",
      "netwt": 8.27,
      "dia_wt": 0.63,
      "cs_wt": 0.04,
      "from_Date": "12 Jan 2026",
      "to_Date": "12 Feb 2026",
      "grosswt-range": 0.63,
      "purchase_Count": 2,
      "designNo": "V13579",
      "metal": "GOLD 24K",
      "product_Type": "SEMI PRECIOUS STONE",
      "metal_color": "YELLOW GOLD",
      "category": "BANGLES",
      "sub_Category": "BRACELET"
    },
    {
      "id": 23,
      "image": "https://www.tanishq.co.in/dw/image/v2/BKCK_PRD/on/demandware.static/-/Sites-Tanishq-product-catalog/default/dw97a13b75/images/hi-res/513817DDWABA00_1.jpg?sw=640&sh=640",
      "netwt": 6.44,
      "dia_wt": 0.49,
      "cs_wt": 0.03,
      "from_Date": "17 Feb 2026",
      "to_Date": "17 Mar 2026",
      "grosswt-range": 0.49,
      "purchase_Count": 3,
      "designNo": "W24680",
      "metal": "GOLD 9K",
      "product_Type": "ROSE GOLD",
      "metal_color": "BRACELET",
      "category": "BROOCH",
      "sub_Category": "BROOCH"
    },
    {
      "id": 24,
      "image": "https://www.tanishq.co.in/dw/image/v2/BKCK_PRD/on/demandware.static/-/Sites-Tanishq-product-catalog/default/dw97a13b75/images/hi-res/513817DDWABA00_1.jpg?sw=640&sh=640",
      "netwt": 7.93,
      "dia_wt": 0.61,
      "cs_wt": 0.04,
      "from_Date": "23 Mar 2026",
      "to_Date": "23 Apr 2026",
      "grosswt-range": 0.61,
      "purchase_Count": 1,
      "designNo": "X35791",
      "metal": "PLATINUM 950",
      "product_Type": "ROSE WHITE AND YELLOW GOLD",
      "metal_color": "COCKTAIL",
      "category": "COCKTAIL BANGLE",
      "sub_Category": "COCKTAIL BANGLE"
    },
    {
      "id": 25,
      "image": "https://www.tanishq.co.in/dw/image/v2/BKCK_PRD/on/demandware.static/-/Sites-Tanishq-product-catalog/default/dw97a13b75/images/hi-res/513817DDWABA00_1.jpg?sw=640&sh=640",
      "netwt": 8.34,
      "dia_wt": 0.64,
      "cs_wt": 0.05,
      "from_Date": "28 Apr 2026",
      "to_Date": "28 May 2026",
      "grosswt-range": 0.64,
      "purchase_Count": 2,
      "designNo": "Y24680",
      "metal": "ROSE AND WHITE GOLD",
      "product_Type": "WHITE",
      "metal_color": "CUFFLINK",
      "category": "COCKTAIL EARING",
      "sub_Category": "COCKTAIL EARING"
    },
    {
      "id": 26,
      "image": "https://www.tanishq.co.in/dw/image/v2/BKCK_PRD/on/demandware.static/-/Sites-Tanishq-product-catalog/default/dw97a13b75/images/hi-res/513817DDWABA00_1.jpg?sw=640&sh=640",
      "netwt": 7.21,
      "dia_wt": 0.56,
      "cs_wt": 0.03,
      "from_Date": "3 Jun 2026",
      "to_Date": "3 Jul 2026",
      "grosswt-range": 0.56,
      "purchase_Count": 3,
      "designNo": "Z24680",
      "metal": "ROSE WHITE AND YELLOW GOLD",
      "product_Type": "WHITE GOLD",
      "metal_color": "EARINGS",
      "category": "COCKTAIL RING",
      "sub_Category": "COCKTAIL RING"
    },
    {
      "id": 27,
      "image": "https://www.tanishq.co.in/dw/image/v2/BKCK_PRD/on/demandware.static/-/Sites-Tanishq-product-catalog/default/dw97a13b75/images/hi-res/513817DDWABA00_1.jpg?sw=640&sh=640",
      "netwt": 7.22,
      "dia_wt": 0.55,
      "cs_wt": 0.04,
      "from_Date": "7 Jul 2026",
      "to_Date": "7 Aug 2026",
      "grosswt-range": 0.55,
      "purchase_Count": 2,
      "designNo": "AA13579",
      "metal": "SILVER 92.5",
      "product_Type": "YELLOW GOLD",
      "metal_color": "MISCELLENEOUS",
      "category": "Crawlers",
      "sub_Category": "EARING"
    },
    {
      "id": 28,
      "image": "https://www.tanishq.co.in/dw/image/v2/BKCK_PRD/on/demandware.static/-/Sites-Tanishq-product-catalog/default/dw97a13b75/images/hi-res/513817DDWABA00_1.jpg?sw=640&sh=640",
      "netwt": 8.79,
      "dia_wt": 0.68,
      "cs_wt": 0.05,
      "from_Date": "12 Aug 2026",
      "to_Date": "12 Sep 2026",
      "grosswt-range": 0.68,
      "purchase_Count": 3,
      "designNo": "BB24680",
      "metal": "SILVER 925",
      "product_Type": "MIX",
      "metal_color": "MIX",
      "category": "CROSS",
      "sub_Category": "PENDANT"
    },
    {
      "id": 29,
      "image": "https://www.tanishq.co.in/dw/image/v2/BKCK_PRD/on/demandware.static/-/Sites-Tanishq-product-catalog/default/dw97a13b75/images/hi-res/513817DDWABA00_1.jpg?sw=640&sh=640",
      "netwt": 6.98,
      "dia_wt": 0.54,
      "cs_wt": 0.03,
      "from_Date": "17 Sep 2026",
      "to_Date": "17 Oct 2026",
      "grosswt-range": 0.54,
      "purchase_Count": 1,
      "designNo": "CC35791",
      "metal": "WHITE AND YELLOW GOLD",
      "product_Type": "NECKLACE",
      "metal_color": "WHITE AND YELLOW GOLD",
      "category": "Cuban LinKs",
      "sub_Category": "NONE"
    },
    {
      "id": 30,
      "image": "https://www.tanishq.co.in/dw/image/v2/BKCK_PRD/on/demandware.static/-/Sites-Tanishq-product-catalog/default/dw97a13b75/images/hi-res/513817DDWABA00_1.jpg?sw=640&sh=640",
      "netwt": 9.42,
      "dia_wt": 0.72,
      "cs_wt": 0.06,
      "from_Date": "22 Oct 2026",
      "to_Date": "22 Nov 2026",
      "grosswt-range": 0.72,
      "purchase_Count": 2,
      "designNo": "DD24680",
      "metal": "ROSE AND YELLOW GOLD",
      "product_Type": "WHITE AND YELLOW GOLD",
      "metal_color": "EARING",
      "category": "COCKTAIL EARING",
      "sub_Category": "COCKTAIL EARING"
    },
    {
      "id": 31,
      "image": "https://www.tanishq.co.in/dw/image/v2/BKCK_PRD/on/demandware.static/-/Sites-Tanishq-product-catalog/default/dw97a13b75/images/hi-res/513817DDWABA00_1.jpg?sw=640&sh=640",
      "netwt": 7.81,
      "dia_wt": 0.60,
      "cs_wt": 0.04,
      "from_Date": "27 Nov 2026",
      "to_Date": "27 Dec 2026",
      "grosswt-range": 0.60,
      "purchase_Count": 3,
      "designNo": "EE24680",
      "metal": "ROSE WHITE AND YELLOW GOLD",
      "product_Type": "WHITE GOLD",
      "metal_color": "EARINGS",
      "category": "COCKTAIL RING",
      "sub_Category": "COCKTAIL RING"
    }
  ]